raw_partner_name,standardized_partner_name
АГРОБАНК Андижон РФ,АГРОБАНК
АГРОБАНК Асака Филиали,АГРОБАНК
Агробанк АТБ Бустон филиали,АГРОБАНК
АГРОБАНК Иштихон филиали,АГРОБАНК
АГРОБАНК Кашкадарё филиали,АГРОБАНК
АГРОБАНК КУШТЕПА Ф-Л,АГРОБАНК
Агробанк Навбахор филиали 00217,АГРОБАНК
Агробанк Нарпай филиали,АГРОБАНК
Агробанк Олтиарик филиали,АГРОБАНК
АГРОБАНК Пахтакор филиали,АГРОБАНК
АГРОБАНК Пахтачи филиали,АГРОБАНК
АГРОБАНК СУХ ФИЛИАЛИ,АГРОБАНК
Агробанк Шахрихон филиали,АГРОБАНК
АГРОБАНК Юкоричирчик филиали,АГРОБАНК
Алтыарыкский филиал Агробанка,АГРОБАНК
Ангорский филиал Агробанка,АГРОБАНК
Асакинский филиал Агробанка,АГРОБАНК
Бузский филиал Агробанка,АГРОБАНК
Кашкадарьинский областной территориальный филиал Агробанка,АГРОБАНК
Навбахорский филиал Агробанка,АГРОБАНК
Навоийский областной территориальный филиал Агробанка,АГРОБАНК
"Навоий Ш., Агробанк Атб Навоий Вилоят Худудий Филиали",АГРОБАНК
Нарпайский филиал Агробанка,АГРОБАНК
Пахтакорский филиал Агробанка,АГРОБАНК
Сохский филиал Агробанка,АГРОБАНК
Сурхандарьинский областной территориальный филиал Агробанка,АГРОБАНК
Уртачирчикский филиал Агробанка,АГРОБАНК
Шахриханский филиал Агробанка,АГРОБАНК
Юкоричирчикский филиал Агробанка,АГРОБАНК
Янгиюльский филиал Агробанка,АГРОБАНК
Aloqabank Farg'ona,АЛОКА БАНК
АЛОКА БАНК,АЛОКА БАНК
АЛОКАБАНК Коракалпогистон филиали,АЛОКА БАНК
АЛОКА БАНК МИРАБАД Ф-Л,АЛОКА БАНК
АТ«Алоқабанк» Бухоро ҲКХКМ,АЛОКА БАНК
АТ “Алоқабанк” Данғара КХКМ,АЛОКА БАНК
АТ “Алоқабанк” Навоий HKXKM,АЛОКА БАНК
Бухарский филиал Алокабанка,АЛОКА БАНК
Головной офис Алокабанка,АЛОКА БАНК
Мирабадский филиал Алокабанка,АЛОКА БАНК
Навоийский филиал Алокабанка,АЛОКА БАНК
Наманганский филиал Алокабанка,АЛОКА БАНК
Ферганский филиал Алокабанка,АЛОКА БАНК
JSC ANOR BANK,AO «ANOR BANK»
АО ANOR BANK,AO «ANOR BANK»
AO «ANOR BANK»,AO «ANOR BANK»
AO «ANOR BANK»,AO «ANOR BANK»
АЛОКА БАНК,АЛОКА БАНК
АСАКА БАНК Асакинский филиал,АСАКА БАНК
Асакинский филиал Асака банка,АСАКА БАНК
Головной офис АО Асакабанк,АСАКА БАНК
Юнусабадский филиал Асака банка,АСАКА БАНК
Мирзо Улугбекский филиал ASIA ALLIANCE BANK,Мирзо Улугбекский филиал ASIA ALLIANCE BANK
"""BAURAUM GROUP""",BAURAUM GROUP MChJ
BAURAUM GROUP MChJ,BAURAUM GROUP MChJ
"ООО ""BBR BUSINESS GROUP""",ООО BBR BUSINESS GROUP
ООО BBR BUSINESS GROUP,ООО BBR BUSINESS GROUP
"""BIZNESNI RIVOJLANTIRISH BANKI"" Oxangaron BXM","""BIZNESNI RIVOJLANTIRISH BANKI"" Oxangaron BXM"
Cash U Mikromoliya Tashkiloti Mchj,Cash U Mikromoliya Tashkiloti Mchj
Алмазарский филиал Давр-банка,ДАВР БАНК
ДАВР БАНК Олмазор филиали,ДАВР БАНК
GARANT BANK,GARANT BANK
GENISTIPARE UNIPESSOAL LDA,GENISTIPARE UNIPESSOAL LDA
"""HAMKORBANK"" ATB Urgut UBXO","""Hamkorbank"" АТБ Тошкент минтақавий БХО"
"""Hamkorbank"" АТБ  Бухоро минтақавий БХО","""Hamkorbank"" АТБ Тошкент минтақавий БХО"
"""Hamkorbank"" АТБ  Денов универсал БХО","""Hamkorbank"" АТБ Тошкент минтақавий БХО"
"""Hamkorbank"" АТБ  Истиқбол универсал БХО","""Hamkorbank"" АТБ Тошкент минтақавий БХО"
"""Hamkorbank"" АТБ  Қарши универсал БХО","""Hamkorbank"" АТБ Тошкент минтақавий БХО"
"""Hamkorbank"" АТБ  Қашқадарё минтақавий БХО","""Hamkorbank"" АТБ Тошкент минтақавий БХО"
"""Hamkorbank"" АТБ  Нукус минтақавий БХО","""Hamkorbank"" АТБ Тошкент минтақавий БХО"
"""Hamkorbank"" АТБ  Тошкент минтақавий БХО","""Hamkorbank"" АТБ Тошкент минтақавий БХО"
"""Hamkorbank"" АТБ Тошкент минтақавий БХО","""Hamkorbank"" АТБ Тошкент минтақавий БХО"
"""Hamkorbank"" АТБ  Учтепа универсал БХО","""Hamkorbank"" АТБ Тошкент минтақавий БХО"
"""Hamkorbank"" АТБ  Фарғона минтақавий БХО","""Hamkorbank"" АТБ Тошкент минтақавий БХО"
"""Hamkorbank"" АТБ  Хўжаобод универсал БХО","""Hamkorbank"" АТБ Тошкент минтақавий БХО"
"""Hamkorbank"" АТБ  Чилонзор универсал БХО","""Hamkorbank"" АТБ Тошкент минтақавий БХО"
"""Hamkorbank"" АТБ  Чиноз универсал БХО","""Hamkorbank"" АТБ Тошкент минтақавий БХО"
"""Hamkorbank"" АТБ  Чуст универсал БХО","""Hamkorbank"" АТБ Тошкент минтақавий БХО"
"""Hamkorbank"" АТБ  Юнусобод универсал БХО","""Hamkorbank"" АТБ Тошкент минтақавий БХО"
"""Hamkorbank"" АТБ  Яккасарой универсал БХО","""Hamkorbank"" АТБ Тошкент минтақавий БХО"
"""Hamkorbank"" АТБ  Янгийўл универсал БХО","""Hamkorbank"" АТБ Тошкент минтақавий БХО"
Hamkor Invest Lizing Mchj,"Hamkor Invest Lizing Mchj"
Головной офис HAMKORBANK,"""Hamkorbank"" АТБ Тошкент минтақавий БХО"
ХАМКОРБАНК Авиасозлик филиали,"""Hamkorbank"" АТБ Тошкент минтақавий БХО"
ХАМКОР БАНК Ангренский филиал,"""Hamkorbank"" АТБ Тошкент минтақавий БХО"
ХАМКОРБАНК Асака филиали,"""Hamkorbank"" АТБ Тошкент минтақавий БХО"
ХАМКОР БАНК Багишамальский фил.,"""Hamkorbank"" АТБ Тошкент минтақавий БХО"
ХАМКОР БАНК Бухарский ф-л,"""Hamkorbank"" АТБ Тошкент минтақавий БХО"
ХАМКОР БАНК Денауский филиал,"""Hamkorbank"" АТБ Тошкент минтақавий БХО"
ХАМКОР БАНК ДЖИЗАК филиали,"""Hamkorbank"" АТБ Тошкент минтақавий БХО"
ХАМКОР БАНК КАРШИ Ф-Л,"""Hamkorbank"" АТБ Тошкент минтақавий БХО"
ХАМКОР БАНК Нукусский филиал,"""Hamkorbank"" АТБ Тошкент минтақавий БХО"
ХАМКОР БАНК УРГУТ,"""Hamkorbank"" АТБ Тошкент минтақавий БХО"
ХАМКОР БАНК УЧТЕПА Ф-Л МФО 01164,"""Hamkorbank"" АТБ Тошкент минтақавий БХО"
ХАМКОР БАНК ЧИЛОНЗОР Ф-Л,"""Hamkorbank"" АТБ Тошкент минтақавий БХО"
ХАМКОР БАНК Чиназский филиал,"""Hamkorbank"" АТБ Тошкент минтақавий БХО"
ХАМКОРБАНК Чуст филиали,"""Hamkorbank"" АТБ Тошкент минтақавий БХО"
ХАМКОР БАНК Юнусобод филиали,"""Hamkorbank"" АТБ Тошкент минтақавий БХО"
ХАМКОР БАНК ЯККАСАРОЙ Ф-Л,"""Hamkorbank"" АТБ Тошкент минтақавий БХО"
ХАМКОРБАНК Янгийул филиали,"""Hamkorbank"" АТБ Тошкент минтақавий БХО"
ЧЕКИ АКБ Хамкорбанк,"""Hamkorbank"" АТБ Тошкент минтақавий БХО"
Infinbank Aj,Infinbank Aj
ИНФИН БАНК АКБ,Infinbank Aj
ИНФИН БАНК Кашкадарё Вилоят Филиали 01135,Infinbank Aj
ИНФИН БАНК Сергелийский филиал,Infinbank Aj
ИНФИН БАНК Учтепа Филиал,Infinbank Aj
ИНФИН БАНК Шайхонтохурский филиал,Infinbank Aj
Учтепинский филиал InFinBank,Infinbank Aj
ЧАКБ INFINBANK ТАШ ОБЛ Ф-Л 01 135,Infinbank Aj
Шайхантаурский филиал InFinBank,Infinbank Aj
Головной офис Invest Finance Bank,Головной офис Invest Finance Bank
Кашкадарьинский областной филиал Invest Finance Bank,Головной офис Invest Finance Bank
Сергелийский филиал Invest Finance Bank,Головной офис Invest Finance Bank
Ташкентский областной филиал Invest Finance Bank,Головной офис Invest Finance Bank
Ферганский областной филиал Invest Finance Bank,Головной офис Invest Finance Bank
ИПАК ЙУЛИ БАНК Наманган филиали,ИПАК ЙУЛИ БАНК
ИПАК ЙУЛИ САГБОН Ф-Л,ИПАК ЙУЛИ БАНК
Наманганский филиал Ипак Йули банка,ИПАК ЙУЛИ БАНК
Ангренский филиал Ипотека банка,ИПОТЕКА БАНК
Андижанский областной филиал Ипотека банка,ИПОТЕКА БАНК
Ахангаранский филиал Ипотека банка,ИПОТЕКА БАНК
Бухарский областной филиал Ипотека банка,ИПОТЕКА БАНК
Головной офис Ипотека банка,ИПОТЕКА БАНК
Джизакский областной филиал Ипотека банка,ИПОТЕКА БАНК
ИПОТЕКА БАНК,ИПОТЕКА БАНК
ИПОТЕКА БАНК Ангрен филиали,ИПОТЕКА БАНК
ИПОТЕКА БАНК Ахангарон филиали,ИПОТЕКА БАНК
Ипотека банк Джизакский филиал МФО 00122,ИПОТЕКА БАНК
ИПОТЕКА БАНК Истиклол филиали,ИПОТЕКА БАНК
ИПОТЕКА БАНК КУКСАРОЙ ФИЛИАЛИ,ИПОТЕКА БАНК
Ипотека Банк Наманган филиали,ИПОТЕКА БАНК
ИПОТЕКА БАНК Сардор филиали,ИПОТЕКА БАНК
ИПОТЕКА БАНК Сирдарё филиали,ИПОТЕКА БАНК
Ипотека Банк Сурхондарё филиалиa,ИПОТЕКА БАНК
ИПОТЕКА БАНК Фаргона филиали,ИПОТЕКА БАНК
Куксарайский филиал Ипотека банка,ИПОТЕКА БАНК
Наманганский областной филиал Ипотека банка,ИПОТЕКА БАНК
Сурхандарьинский областной филиал Ипотека банка,ИПОТЕКА БАНК
Сырдарьинский областной филиал Ипотека банка,ИПОТЕКА БАНК
Ферганский областной филиал Ипотека банка,ИПОТЕКА БАНК
"Филиал ""Истиклол"" Ипотека банка",ИПОТЕКА БАНК
"Филиал ""Сардор"" Ипотека банка",ИПОТЕКА БАНК
Яшнободский филиал Ипотека банка,ИПОТЕКА БАНК
''Kapital 24'' филиал розничного бизнеса Капиталбанка,Kapitalbank Kapital 24 Chakana Biznes Filiali
Kapitalbank Kapital 24 Chakana Biznes Filiali,Kapitalbank Kapital 24 Chakana Biznes Filiali
Головной офис Капиталбанка,Kapitalbank Kapital 24 Chakana Biznes Filiali
Капитал банк ОПЕРУ АКБ,Kapitalbank Kapital 24 Chakana Biznes Filiali
КАПИТАЛ БАНК ТОШКЕНТ ШАХАР Ф-Л,Kapitalbank Kapital 24 Chakana Biznes Filiali
Операционное управление Капиталбанка,Kapitalbank Kapital 24 Chakana Biznes Filiali
Андижанский региональный филиал Кишлок курилиш банка,КИШЛОК КУРИЛИШ БАНК
Берунийский филиал Кишлок курилиш банка,КИШЛОК КУРИЛИШ БАНК
Каракалпакстанский региональный филиал Кишлок курилиш банка,КИШЛОК КУРИЛИШ БАНК
Кишлок Курилиш Банк Андижон филиали,КИШЛОК КУРИЛИШ БАНК
Кишлок Курилиш Банк Бухоро филиали,КИШЛОК КУРИЛИШ БАНК
Кишлок курилиш банк Кокандский ф-л 01037,КИШЛОК КУРИЛИШ БАНК
КИШЛОК КУРИЛИШ БАНК КУВА Ф-Л,КИШЛОК КУРИЛИШ БАНК
КИШЛОК КУРИЛИШ БАНК НАВОИ МФО 00 202,КИШЛОК КУРИЛИШ БАНК
Кишлок Курилиш Банк Самарканд филиали,КИШЛОК КУРИЛИШ БАНК
Кишлок Курилиш Банк Фаргона филиали,КИШЛОК КУРИЛИШ БАНК
Кокандский филиал Кишлок курилиш банка,КИШЛОК КУРИЛИШ БАНК
Кувинский филиал Кишлок курилиш банка,КИШЛОК КУРИЛИШ БАНК
Навоийский региональный филиал Кишлок курилиш банка,КИШЛОК КУРИЛИШ БАНК
Сырдарьинский региональный филиал Кишлок курилиш банка,КИШЛОК КУРИЛИШ БАНК
Ферганский региональный филиал Кишлок курилиш банка,КИШЛОК КУРИЛИШ БАНК
Яккабагский филиал Кишлок курилиш банка,КИШЛОК КУРИЛИШ БАНК
Янгиюльский филиал Кишлок курилиш банка,КИШЛОК КУРИЛИШ БАНК
Андижанский областной филиал Микрокредитбанка,МИКРОКРЕДИТБАНК
Асакинский филиал Микрокредитбанка,МИКРОКРЕДИТБАНК
Бешкентский филиал Микрокредитбанка,МИКРОКРЕДИТБАНК
Бухарский областной филиал Микрокредитбанка,МИКРОКРЕДИТБАНК
Головной офис Микрокредитбанка,МИКРОКРЕДИТБАНК
Заминский филиал Микрокредитбанка,МИКРОКРЕДИТБАНК
Карманинский филиал Микрокредитбанка,МИКРОКРЕДИТБАНК
Касансайский филиал Микрокредитбанка,МИКРОКРЕДИТБАНК
Кашкадарьинский областной филиал Микрокредитбанка,МИКРОКРЕДИТБАНК
Кизирикский филиал Микрокредитбанка,МИКРОКРЕДИТБАНК
Кызылтепинский филиал Микрокредитбанка,МИКРОКРЕДИТБАНК
Лаишский филиал Микрокредитбанка,МИКРОКРЕДИТБАНК
Микрокредитбанк Булунгур филиали,МИКРОКРЕДИТБАНК
Микрокредитбанк Бухоро филиали,МИКРОКРЕДИТБАНК
Микрокредитбанк Жиззах филиали,МИКРОКРЕДИТБАНК
Микрокредитбанк Кармана филиали,МИКРОКРЕДИТБАНК
МИКРОКРЕДИТБАНК Кашкадарё филиали,МИКРОКРЕДИТБАНК
Микрокредитбанк Кизилтепа филиали,МИКРОКРЕДИТБАНК
Микрокредитбанк Кизирик филиали,МИКРОКРЕДИТБАНК
Микрокредитбанк Косонсой филиали,МИКРОКРЕДИТБАНК
Микрокредитбанк Нукус филиали,МИКРОКРЕДИТБАНК
Микрокредитбанк Сурхондарё филиали,МИКРОКРЕДИТБАНК
Микрокредитбанк Учкуприк филиали,МИКРОКРЕДИТБАНК
Микрокредитбанк Хоразм филиали,МИКРОКРЕДИТБАНК
Микрокредитбанк Чирокчи филиали,МИКРОКРЕДИТБАНК
Наманганский областной филиал Микрокредитбанка,МИКРОКРЕДИТБАНК
Сурхандарьинский областной филиал Микрокредитбанка,МИКРОКРЕДИТБАНК
Учкуприкский филиал Микрокредитбанка,МИКРОКРЕДИТБАНК
филиал Республика Каракалпакстан Микрокредитбанка,МИКРОКРЕДИТБАНК
Хорезмский областной филиал Микрокредитбанка,МИКРОКРЕДИТБАНК
Чиракчинский филиал Микрокредитбанка,МИКРОКРЕДИТБАНК
Шахриханский филиал Микрокредитбанка,МИКРОКРЕДИТБАНК
O'ZBEKISTON SANOAT-QURILISH BANK ATB,O'ZBEKISTON SANOAT-QURILISH BANK ATB
"""O'ZSANOATQURILISHBANK"" ATB, Samarqand BXO",O'ZBEKISTON SANOAT-QURILISH BANK ATB
Головной офис Ориент Финанс банка,ОРИЕНТ ФИНАНС ОПЕРУ ЧАКБ БАНК
ОРИЕНТ ФИНАНС ОПЕРУ ЧАКБ БАНК,ОРИЕНТ ФИНАНС ОПЕРУ ЧАКБ БАНК
Головной офис Пойтахт банка,ПОЙТАХТ БАНК АО
ПОЙТАХТ БАНК АО,ПОЙТАХТ БАНК АО
ООО Ripple,ООО Ripple
Денауский филиал Савдогар банка,САВДОГАРБАНК Денов филиали
САВДОГАРБАНК Денов филиали,САВДОГАРБАНК Денов филиали
АКБ «TENGE BANK» ЦБУ  «Паркент»,ГО Tenge Bank Aksiyadorlik Tijorat Banki
АКБ «TENGE BANK» ЦБУ «Ташкент»,ГО Tenge Bank Aksiyadorlik Tijorat Banki
ГО Tenge Bank Aksiyadorlik Tijorat Banki,ГО Tenge Bank Aksiyadorlik Tijorat Banki
TRUSTBANK,"""Trastbank Xususiy Aksiyadorlik Banki"" Aj"
TRUSTBANK Samarqand,"""Trastbank Xususiy Aksiyadorlik Banki"" Aj"
Головной офис Трастбанка,"""Trastbank Xususiy Aksiyadorlik Banki"" Aj"
Каршинский филиал Трастбанка,"""Trastbank Xususiy Aksiyadorlik Banki"" Aj"
Наманганский филиал Трастбанка,"""Trastbank Xususiy Aksiyadorlik Banki"" Aj"
ТРАСТБАНК Каршинский филиал,"""Trastbank Xususiy Aksiyadorlik Banki"" Aj"
Трастбанк Наманган БХО,"""Trastbank Xususiy Aksiyadorlik Banki"" Aj"
Трастбанк Фергона Филиали,"""Trastbank Xususiy Aksiyadorlik Banki"" Aj"
ТРАСТ БАНК ХА БАНК ЯККАСАРОЙ ФИЛИАЛ 01098,"""Trastbank Xususiy Aksiyadorlik Banki"" Aj"
Ферганский филиал Трастбанка,"""Trastbank Xususiy Aksiyadorlik Banki"" Aj"
Яккасарайский филиал Трастбанка,"""Trastbank Xususiy Aksiyadorlik Banki"" Aj"
Андижанский филиал Туронбанка,ТУРОНБАНК
Навоийский филиал Туронбанка,ТУРОНБАНК
Термезский филиал Туронбанка,ТУРОНБАНК
ТУРОНБАНК Андижон филиали,ТУРОНБАНК
ТУРОНБАНК Наманган филиали,ТУРОНБАНК
ТУРОНБАНК Урганч Филиали,ТУРОНБАНК
Ургенчский филиал Туронбанка,ТУРОНБАНК
Головной офис Универсал банка,Универсал банк
Ташкентский городской филиал Универсал банка,Универсал банк
УЗБЕК ЛИЗИНГ ИНТЕРНАТИОНАЛ,УЗБЕК ЛИЗИНГ ИНТЕРНАТИОНАЛ
Асакинский филиал Узнацбанка,НБ ВЭД
Джизакский индустриальный филиал Узнацбанка,НБ ВЭД
Джизакское отделение Узнацбанка,НБ ВЭД
Каракалпакстанское отделение Узнацбанка,НБ ВЭД
Турткульский филиал Узнацбанка,НБ ВЭД
Шахрисабзский филиал Узнацбанка,НБ ВЭД
AT XALQ BANKI,AT XALQ BANKI
Акдарьинский филиал Народного банка,AT XALQ BANKI
Алтынкульский филиал Народного банка,AT XALQ BANKI
Алтынсайский филиал Народного банка,AT XALQ BANKI
Ангорский филиал Народного банка,AT XALQ BANKI
Ангренский филиал Народного банка,AT XALQ BANKI
Асакинский филиал Народного банка,AT XALQ BANKI
Ахангаранский филиал Народного банка,AT XALQ BANKI
Бекабадский филиал Народного банка,AT XALQ BANKI
Бузский филиал Народного банка,AT XALQ BANKI
Гиждуванский филиал Народного банка,AT XALQ BANKI
Гузарский филиал Народного банка,AT XALQ BANKI
Маргиланский филиал Народного банка,AT XALQ BANKI
Нарпайский филиал Народного банка,AT XALQ BANKI
Турткульский филиал Народного банка,AT XALQ BANKI
Учкизилский филиал Народного банка,AT XALQ BANKI
Шурчинский филиал Народного банка,AT XALQ BANKI
Capitalbank Head Office,Kapitalbank Kapital 24 Chakana Biznes Filiali
МИКРОКРЕДИТ БАНК ATB 00 078,МИКРОКРЕДИТБАНК
МИКРОКРЕДИТ БАНК АСАКА Ф-Л,МИКРОКРЕДИТБАНК
Микрокредит банк Андижанское Отделение,МИКРОКРЕДИТБАНК
Микрокредит банк Зоминский р-н МФО 00145,МИКРОКРЕДИТБАНК
Микрокредит банк Шахрихан Анд.рег.фил.ЦБУ МФО00078,МИКРОКРЕДИТБАНК
НБ ВЭД Асака Филиали,НБ ВЭД
НБ ВЭД РУз Шахрисабз филиали,НБ ВЭД
ХАЛК БАНК Ангор филиали,AT XALQ BANKI
ХАЛК БАНК Асака филиали,AT XALQ BANKI
ХАЛК БАНК Бустон филиали,AT XALQ BANKI
ХАЛК БАНК Гиждувон филиали МФО 00 666,AT XALQ BANKI
ХАЛК БАНК Гузор Филиали,AT XALQ BANKI
ХАЛК БАНК ЖАРКУРГАН Ф-Л,AT XALQ BANKI
ХАЛК БАНК Келесс филиали,AT XALQ BANKI
ХАЛК БАНК Коракалпогистон филиали,AT XALQ BANKI
ХАЛК БАНК Нарпайский филиал,AT XALQ BANKI
ХАЛК БАНК ОХАНГАРОН ТУМАНИ ФИЛИАЛ,AT XALQ BANKI
ХАЛК БАНК Турткульский ф-л.,AT XALQ BANKI
ХАЛК БАНК УЧКИЗИЛ Ф-Л,AT XALQ BANKI
ХАЛК БАНК Шурчи филиали,AT XALQ BANKI
Юнусабадский филиал Туркистон банка,Юнусабадский филиал Туркистон банка
BOBUR G’ULOMJONOV BAHROM O’G‘LI,BOBUR G’ULOMJONOV BAHROM O’G‘LI
RUZIQULOV FARRUXJON MIRZASHIRINOVICH,RUZIQULOV FARRUXJON MIRZASHIRINOVICH
"ООО ""ABDURASHID ZAMIN GAVHARI"" FX","ООО ""ABDURASHID ZAMIN GAVHARI"" FX"
BOBUR G'ULOMJONOV BAHROM O'G'LI,BOBUR G'ULOMJONOV BAHROM O'G'LI
"""Trastbank Xususiy Aksiyadorlik Banki"" Aj","""Trastbank Xususiy Aksiyadorlik Banki"" Aj"
"""Капиталбанк"" Атб",Kapitalbank Kapital 24 Chakana Biznes Filiali
AO «ANOR BANK»,AO «ANOR BANK»
AT “Aloqabank” Farg’ona XKXKM,АЛОКА БАНК
"XAB ""TRASTBANK"" Samarqand BXO","""Trastbank Xususiy Aksiyadorlik Banki"" Aj"
ГО AO ANOR BANK,AO «ANOR BANK»
КАПИТАЛ БАНК АТБ,Kapitalbank Kapital 24 Chakana Biznes Filiali
